Workbook
Name Slicer_city: #N/A
Name Slicer_peakhour: #N/A
Name Slicer_store_id: #N/A

Sheet blinkit_delivery_case_study
A1: order_id | B1: order_date | C1: city | D1: store_id | E1: order_time | F1: items_count | G1: order_value | H1: picking_time_min | I1: packing_time_min | J1: rider_assignment_time_min | K1: rider_waiting_time_min | L1: delivery_time_min | M1: total_delivery_time_min | N1: distance_km | O1: rider_id | P1: order_status | Q1: customer_rating
A2: ORD100001 | B2: 46222 | C2: Mumbai | D2: MUM03 | E2: 0.30625 | F2: 4 | G2: 462.38 | H2: 2.9 | I2: 0.9 | J2: 0.69 | K2: 0.51 | L2: 6.63 | M2: 11.63 | N2: 2.74 | O2: R016 | P2: Delivered | Q2: 4.3
A3: ORD100002 | B3: 46235 | C3: Pune | D3: PUN02 | E3: 0.39097222 | F3: 4 | G3: 346.91 | H3: 3.07 | I3: 0.83 | J3: 1.47 | K3: 0.78 | L3: 4.97 | M3: 11.12 | N3: 1.35 | O3: R019 | P3: Delivered | Q3: 5
A4: ORD100003 | B4: 46230 | C4: Pune | D4: PUN02 | E4: 0.89652778 | F4: 4 | G4: 395.51 | H4: 2.82 | I4: 0.94 | J4: 1.12 | K4: 0.76 | L4: 6.66 | M4: 12.3 | N4: 2.87 | O4: R023 | P4: Delivered | Q4: 5
A5: ORD100004 | B5: 46226 | C5: Pune | D5: PUN02 | E5: 0.97847222 | F5: 3 | G5: 605.94 | H5: 2.38 | I5: 0.75 | J5: 1.41 | K5: 0.76 | L5: 4.62 | M5: 9.92 | N5: 0.97 | O5: R025 | P5: Delivered | Q5: 4.3
A6: ORD100005 | B6: 46223 | C6: Mumbai | D6: MUM02 | E6: 0.97916667 | F6: 8 | G6: 800.58 | H6: 3.8 | I6: 1.24 | J6: 0.72 | K6: 0.77 | L6: 7.06 | M6: 13.59 | N6: 2.96 | O6: R016 | P6: Delivered | Q6: 5
A7: ORD100006 | B7: 46236 | C7: Pune | D7: PUN02 | E7: 0.78888889 | F7: 6 | G7: 571.04 | H7: 3.78 | I7: 1.03 | J7: 0.9 | K7: 0.78 | L7: 3.77 | M7: 10.26 | N7: 1.09 | O7: R054 | P7: Delivered | Q7: 5
A8: ORD100007 | B8: 46222 | C8: Pune | D8: PUN03 | E8: 0.66041667 | F8: 4 | G8: 284.74 | H8: 2.63 | I8: 1.01 | J8: 0.95 | K8: 0.75 | L8: 6.64 | M8: 11.98 | N8: 2.7 | O8: R073 | P8: Delivered | Q8: 5
A9: ORD100008 | B9: 46241 | C9: Pune | D9: PUN03 | E9: 0.76666667 | F9: 6 | G9: 580.03 | H9: 2.78 | I9: 1.02 | J9: 1.67 | K9: 0.85 | L9: 7.67 | M9: 13.99 | N9: 2.76 | O9: R001 | P9: Delivered | Q9: 3.9
A10: ORD100009 | B10: 46234 | C10: Pune | D10: PUN02 | E10: 0.48472222 | F10: 4 | G10: 715.39 | H10: 3.07 | I10: 0.66 | J10: 0.43 | K10: 0.89 | L10: 4.84 | M10: 9.89 | N10: 1.57 | O10: R042 | P10: Delivered | Q10: 4.4
A11: ORD100010 | B11: 46238 | C11: Mumbai | D11: MUM01 | E11: 0.077777778 | F11: 7 | G11: 390.24 | H11: 3.3 | I11: 1.26 | J11: 1.27 | K11: 0.73 | L11: 7.11 | M11: 13.67 | N11: 2.72 | O11: R019 | P11: Delivered | Q11: 4.5
A12: ORD100011 | B12: 46226 | C12: Pune | D12: PUN02 | E12: 0.00069444444 | F12: 5 | G12: 475.88 | H12: 2.14 | I12: 0.84 | J12: 1.58 | K12: 0.67 | L12: 6.06 | M12: 11.29 | N12: 2.43 | O12: R034 | P12: Delivered | Q12: 5
A13: ORD100012 | B13: 46226 | C13: Nagpur | D13: NAG02 | E13: 0.44513889 | F13: 6 | G13: 502.64 | H13: 3.42 | I13: 0.95 | J13: 0.39 | K13: 0.64 | L13: 5.78 | M13: 11.18 | N13: 1.72 | O13: R080 | P13: Delivered | Q13: 5
... A56: ORD100055 | B56: 46233 | C56: Mumbai | D56: MUM01 | E56: 0.60486111 | F56: 7 | G56: 772.42 | H56: 3.29 | I56: 1.11 | J56: 0.99 | K56: 0.75 | L56: 7.49 | M56: 13.63 | N56: 2.76 | O56: R042 | P56: Delivered | Q56: 4.7
A57: ORD100056 | B57: 46219 | C57: Pune | D57: PUN02 | E57: 0.44444444 | F57: 5 | G57: 613.55 | H57: 3.23 | I57: 0.84 | J57: 0.42 | K57: 0.81 | L57: 7.22 | M57: 12.52 | N57: 3 | O57: R013 | P57: Cancelled
A58: ORD100057 | B58: 46240 | C58: Nagpur | D58: NAG01 | E58: 0.32777778 | F58: 3 | G58: 315.65 | H58: 3.02 | I58: 0.77 | J58: 0.97 | K58: 0.67 | L58: 5.91 | M58: 11.34 | N58: 1.67 | O58: R036 | P58: Delivered | Q58: 5
A59: ORD100058 | B59: 46243 | C59: Nagpur | D59: NAG02 | E59: 0.10416667 | F59: 4 | G59: 833.74 | H59: 3.14 | I59: 0.78 | J59: 1.35 | K59: 1.03 | L59: 5.67 | M59: 11.97 | N59: 2.31 | O59: R013 | P59: Cancelled
A60: ORD100059 | B60: 46229 | C60: Mumbai | D60: MUM01 | E60: 0.99861111 | F60: 6 | G60: 719.79 | H60: 3.69 | I60: 0.95 | J60: 0.91 | K60: 0.56 | L60: 8.38 | M60: 14.49 | N60: 3.96 | O60: R012 | P60: Cancelled
A61: ORD100060 | B61: 46233 | C61: Nagpur | D61: NAG02 | E61: 0.91736111 | F61: 4 | G61: 604.78 | H61: 2.94 | I61: 0.85 | J61: 2.09 | K61: 1.35 | L61: 5.8 | M61: 13.03 | N61: 1.99 | O61: R037 | P61: Delivered | Q61: 4.7
A62: ORD100061 | B62: 46241 | C62: Mumbai | D62: MUM02 | E62: 0.18194444 | F62: 3 | G62: 459.23 | H62: 2.49 | I62: 0.69 | J62: 2.15 | K62: 1.27 | L62: 4.35 | M62: 10.95 | N62: 1.25 | O62: R074 | P62: Delivered | Q62: 5
A63: ORD100062 | B63: 46224 | C63: Pune | D63: PUN01 | E63: 0.099305556 | F63: 5 | G63: 327.3 | H63: 2.34 | I63: 0.91 | J63: 0.32 | K63: 0.53 | L63: 7.59 | M63: 11.69 | N63: 3.53 | O63: R073 | P63: Delivered | Q63: 4.9
A64: ORD100063 | B64: 46241 | C64: Pune | D64: PUN02 | E64: 0.23958333 | F64: 5 | G64: 433 | H64: 2.81 | I64: 0.72 | J64: 1.68 | K64: 0.81 | L64: 9.53 | M64: 15.55 | N64: 3.97 | O64: R052 | P64: Delivered | Q64: 3.6
A65: ORD100064 | B65: 46236 | C65: Pune | D65: PUN01 | E65: 0.43263889 | F65: 6 | G65: 695.97 | H65: 2.82 | I65: 1.06 | J65: 1.03 | K65: 0.94 | L65: 5.97 | M65: 11.82 | N65: 2.2 | O65: R071 | P65: Delivered | Q65: 4.4
A66: ORD100065 | B66: 46217 | C66: Pune | D66: PUN02 | E66: 0.70555556 | F66: 4 | G66: 839.23 | H66: 3.44 | I66: 0.87 | J66: 0.44 | K66: 0.48 | L66: 7.71 | M66: 12.94 | N66: 3.11 | O66: R002 | P66: Delivered | Q66: 4.6
A67: ORD100066 | B67: 46235 | C67: Pune | D67: PUN03 | E67: 0.61111111 | F67: 8 | G67: 777.78 | H67: 3.5 | I67: 1.09 | J67: 0.87 | K67: 0.78 | L67: 7.67 | M67: 13.91 | N67: 3.41 | O67: R056 | P67: Delivered | Q67: 4.5
A68: ORD100067 | B68: 46243 | C68: Mumbai | D68: MUM03 | E68: 0.00069444444 | F68: 5 | G68: 412.01 | H68: 2.94 | I68: 1.03 | J68: 1.04 | K68: 0.91 | L68: 4.07 | M68: 9.99 | N68: 1.53 | O68: R060 | P68: Delivered | Q68: 5
A69: ORD100068 | B69: 46230 | C69: Pune | D69: PUN03 | E69: 0.62222222 | F69: 6 | G69: 298.47 | H69: 3.31 | I69: 1.14 | J69: 1.66 | K69: 0.44 | L69: 5.58 | M69: 12.13 | N69: 1.76 | O69: R023 | P69: Delivered | Q69: 4.1
A70: ORD100069 | B70: 46243 | C70: Mumbai | D70: MUM03 | E70: 0.92152778 | F70: 3 | G70: 525.36 | H70: 2.48 | I70: 0.6 | J70: 1.97 | K70: 1.16 | L70: 7.52 | M70: 13.73 | N70: 3.56 | O70: R040 | P70: Delivered | Q70: 4.8
A71: ORD100070 | B71: 46222 | C71: Pune | D71: PUN03 | E71: 0.17569444 | F71: 10 | G71: 181.68 | H71: 4.59 | I71: 1.26 | J71: 1.63 | K71: 0.43 | L71: 8.43 | M71: 16.34 | N71: 3.72 | O71: R064 | P71: Delivered | Q71: 4.9
A72: ORD100071 | B72: 46227 | C72: Mumbai | D72: MUM01 | E72: 0.31388889 | F72: 3 | G72: 558.17 | H72: 2.24 | I72: 0.7 | J72: 0.36 | K72: 0.58 | L72: 6.15 | M72: 10.03 | N72: 2.71 | O72: R023 | P72: Delivered | Q72: 5
... A82: ORD100081 | B82: 46217 | C82: Mumbai | D82: MUM03 | E82: 0.27986111 | F82: 7 | G82: 799.03 | H82: 2.81 | I82: 1.27 | J82: 1.18 | K82: 0.49 | L82: 6.57 | M82: 12.32 | N82: 2.24 | O82: R025 | P82: Delivered | Q82: 4.6
A83: ORD100082 | B83: 46221 | C83: Pune | D83: PUN03 | E83: 0.10486111 | F83: 5 | G83: 417.72 | H83: 3.17 | I83: 0.79 | J83: 0.73 | K83: 0.44 | L83: 7.04 | M83: 12.17 | N83: 2.7 | O83: R013 | P83: Cancelled
A84: ORD100083 | B84: 46237 | C84: Mumbai | D84: MUM01 | E84: 0.036805556 | F84: 6 | G84: 391.6 | H84: 3.15 | I84: 0.67 | J84: 1.35 | K84: 0.71 | L84: 3 | M84: 8.88 | N84: 0.4 | O84: R070 | P84: Delivered | Q84: 4.8
A85: ORD100084 | B85: 46225 | C85: Mumbai | D85: MUM02 | E85: 0.79375 | F85: 4 | G85: 584.38 | H85: 2.17 | I85: 0.89 | J85: 2.54 | K85: 0.77 | L85: 5.9 | M85: 12.27 | N85: 2.18 | O85: R067 | P85: Delivered | Q85: 4.5
A86: ORD100085 | B86: 46219 | C86: Mumbai | D86: MUM01 | E86: 0.43541667 | F86: 4 | G86: 320.29 | H86: 2.57 | I86: 1.09 | J86: 0.3 | K86: 1.08 | L86: 6.38 | M86: 11.42 | N86: 2.42 | O86: R058 | P86: Delivered | Q86: 5
A87: ORD100086 | B87: 46237 | C87: Pune | D87: PUN02 | E87: 0.40694444 | F87: 6 | G87: 554.32 | H87: 2.86 | I87: 1.18 | J87: 1.22 | K87: 1.13 | L87: 4.55 | M87: 10.94 | N87: 1.16 | O87: R075 | P87: Delivered | Q87: 4.5
A88: ORD100087 | B88: 46233 | C88: Pune | D88: PUN03 | E88: 0.071527778 | F88: 6 | G88: 637.89 | H88: 3.23 | I88: 1.06 | J88: 1.16 | K88: 0.55 | L88: 6.03 | M88: 12.03 | N88: 2.55 | O88: R064 | P88: Delivered | Q88: 4.5
A89: ORD100088 | B89: 46241 | C89: Mumbai | D89: MUM03 | E89: 0.17569444 | F89: 5 | G89: 720.85 | H89: 3.37 | I89: 0.89 | J89: 1.08 | K89: 0.67 | L89: 7.16 | M89: 13.17 | N89: 2.02 | O89: R069 | P89: Delivered | Q89: 4.6
A90: ORD100089 | B90: 46227 | C90: Nagpur | D90: NAG01 | E90: 0.86805556 | F90: 7 | G90: 481.97 | H90: 2.68 | I90: 1.21 | J90: 1.89 | K90: 1.01 | L90: 10.13 | M90: 16.92 | N90: 4.03 | O90: R059 | P90: Delivered | Q90: 4.5
A91: ORD100090 | B91: 46217 | C91: Mumbai | D91: MUM01 | E91: 0.78819444 | F91: 4 | G91: 463.34 | H91: 2.72 | I91: 0.75 | J91: 0.58 | K91: 0.65 | L91: 8.64 | M91: 13.34 | N91: 3.62 | O91: R060 | P91: Cancelled
A92: ORD100091 | B92: 46225 | C92: Pune | D92: PUN02 | E92: 0.35347222 | F92: 5 | G92: 341.96 | H92: 2.84 | I92: 1.01 | J92: 0.63 | K92: 0.77 | L92: 5.5 | M92: 10.75 | N92: 1.78 | O92: R062 | P92: Delivered | Q92: 4.3
A93: ORD100092 | B93: 46219 | C93: Mumbai | D93: MUM02 | E93: 0.068055556 | F93: 3 | G93: 351.16 | H93: 2.69 | I93: 0.85 | J93: 1.11 | K93: 0.5 | L93: 5.78 | M93: 10.93 | N93: 2.06 | O93: R016 | P93: Delivered | Q93: 4.6
A94: ORD100093 | B94: 46229 | C94: Mumbai | D94: MUM01 | E94: 0.10555556 | F94: 8 | G94: 459.23 | H94: 3.63 | I94: 1.32 | J94: 0.49 | K94: 0.65 | L94: 5.48 | M94: 11.57 | N94: 2.13 | O94: R068 | P94: Delivered | Q94: 4.5
A95: ORD100094 | B95: 46231 | C95: Pune | D95: PUN02 | E95: 0.63402778 | F95: 11 | G95: 566.13 | H95: 3.96 | I95: 1.5 | J95: 0.61 | K95: 0.85 | L95: 5.52 | M95: 12.44 | N95: 1.79 | O95: R015 | P95: Delivered | Q95: 4.7
A96: ORD100095 | B96: 46230 | C96: Pune | D96: PUN01 | E96: 0.60902778 | F96: 5 | G96: 664.45 | H96: 2.79 | I96: 1 | J96: 1.23 | K96: 0.81 | L96: 6.53 | M96: 12.36 | N96: 2.38 | O96: R055 | P96: Delivered | Q96: 4.9
A97: ORD100096 | B97: 46223 | C97: Mumbai | D97: MUM02 | E97: 0.23402778 | F97: 5 | G97: 355.43 | H97: 2.62 | I97: 0.89 | J97: 0.82 | K97: 0.27 | L97: 4.37 | M97: 8.97 | N97: 1.52 | O97: R035 | P97: Delivered | Q97: 5
A98: ORD100097 | B98: 46229 | C98: Mumbai | D98: MUM01 | E98: 0.57013889 | F98: 4 | G98: 768.68 | H98: 3.06 | I98: 0.87 | J98: 1.1 | K98: 0.63 | L98: 4.71 | M98: 10.37 | N98: 1.18 | O98: R055 | P98: Delivered | Q98: 4.2
A99: ORD100098 | B99: 46238 | C99: Pune | D99: PUN01 | E99: 0.82361111 | F99: 6 | G99: 451.2 | H99: 3.13 | I99: 0.82 | J99: 2.17 | K99: 1.01 | L99: 7.63 | M99: 14.76 | N99: 3.01 | O99: R014 | P99: Delivered | Q99: 4.9
A100: ORD100099 | B100: 46243 | C100: Pune | D100: PUN01 | E100: 0.66388889 | F100: 6 | G100: 496.15 | H100: 3.79 | I100: 0.95 | J100: 0.51 | K100: 0.94 | L100: 5.94 | M100: 12.13 | N100: 2.77 | O100: R049 | P100: Delivered | Q100: 4.9
A101: ORD100100 | B101: 46240 | C101: Pune | D101: PUN02 | E101: 0.11111111 | F101: 6 | G101: 365.5 | H101: 3.1 | I101: 0.98 | J101: 0.87 | K101: 1.45 | L101: 4.52 | M101: 10.92 | N101: 1.48 | O101: R007 | P101: Delivered | Q101: 5
A102: ORD100101 | B102: 46223 | C102: Pune | D102: PUN02 | E102: 0.55555556 | F102: 3 | G102: 120 | H102: 2.21 | I102: 0.73 | J102: 1.29 | K102: 0.74 | L102: 7.14 | M102: 12.11 | N102: 3.01 | O102: R030 | P102: Delivered | Q102: 4.9
A103: ORD100102 | B103: 46236 | C103: Nagpur | D103: NAG02 | E103: 0.27569444 | F103: 3 | G103: 659.13 | H103: 1.93 | I103: 0.81 | J103: 0.65 | K103: 0.73 | L103: 6.26 | M103: 10.38 | N103: 1.63 | O103: R049 | P103: Delivered | Q103: 5
... A129: ORD100128 | B129: 46234 | C129: Nagpur | D129: NAG01 | E129: 0.19652778 | F129: 5 | G129: 515.51 | H129: 2.91 | I129: 1.06 | J129: 1.3 | K129: 1.17 | L129: 6.38 | M129: 12.82 | N129: 2.36 | O129: R026 | P129: Delivered | Q129: 5
A130: ORD100129 | B130: 46232 | C130: Pune | D130: PUN03 | E130: 0.60972222 | F130: 5 | G130: 307.01 | H130: 3.15 | I130: 1.07 | J130: 1.23 | K130: 0.5 | L130: 5.58 | M130: 11.53 | N130: 2.74 | O130: R028 | P130: Cancelled
A131: ORD100130 | B131: 46223 | C131: Pune | D131: PUN02 | E131: 0.66597222 | F131: 8 | G131: 120 | H131: 3.64 | I131: 1.34 | J131: 1.5 | K131: 0.33 | L131: 4.97 | M131: 11.78 | N131: 1.7 | O131: R003 | P131: Delivered | Q131: 4.6
A132: ORD100131 | B132: 46218 | C132: Pune | D132: PUN02 | E132: 0.31388889 | F132: 2 | G132: 578.58 | H132: 2.57 | I132: 0.72 | J132: 0.83 | K132: 0.89 | L132: 5.79 | M132: 10.8 | N132: 1.83 | O132: R075 | P132: Delivered | Q132: 4.9
A133: ORD100132 | B133: 46218 | C133: Nagpur | D133: NAG02 | E133: 0.70763889 | F133: 5 | G133: 662.71 | H133: 3 | I133: 0.97 | J133: 0.92 | K133: 0.62 | L133: 4.28 | M133: 9.79 | N133: 1.37 | O133: R038 | P133: Delivered | Q133: 4.5
A134: ORD100133 | B134: 46216 | C134: Pune | D134: PUN03 | E134: 0.56597222 | F134: 7 | G134: 120 | H134: 3.13 | I134: 1.04 | J134: 1.33 | K134: 0.39 | L134: 6.1 | M134: 11.99 | N134: 2.17 | O134: R061 | P134: Delivered | Q134: 5
A135: ORD100134 | B135: 46242 | C135: Mumbai | D135: MUM02 | E135: 0.45694444 | F135: 6 | G135: 318.25 | H135: 3.25 | I135: 0.99 | J135: 1.61 | K135: 1.01 | L135: 5.18 | M135: 12.04 | N135: 1.44 | O135: R078 | P135: Delivered | Q135: 5
A136: ORD100135 | B136: 46220 | C136: Pune | D136: PUN02 | E136: 0.37916667 | F136: 2 | G136: 611.45 | H136: 1.84 | I136: 0.78 | J136: 1.04 | K136: 0.2 | L136: 6.73 | M136: 10.59 | N136: 2.72 | O136: R051 | P136: Delivered | Q136: 5
A137: ORD100136 | B137: 46225 | C137: Mumbai | D137: MUM01 | E137: 0.84375 | F137: 7 | G137: 870.35 | H137: 3.38 | I137: 1.25 | J137: 1.55 | K137: 0.92 | L137: 4.45 | M137: 11.55 | N137: 0.84 | O137: R048 | P137: Delivered | Q137: 5
A138: ORD100137 | B138: 46222 | C138: Nagpur | D138: NAG02 | E138: 0.74444444 | F138: 5 | G138: 503.74 | H138: 2.89 | I138: 0.93 | J138: 0.55 | K138: 0.61 | L138: 5.08 | M138: 10.06 | N138: 1.88 | O138: R021 | P138: Delivered | Q138: 5
A139: ORD100138 | B139: 46241 | C139: Nagpur | D139: NAG02 | E139: 0.011111111 | F139: 8 | G139: 368.96 | H139: 3.49 | I139: 1.14 | J139: 0.72 | K139: 1.08 | L139: 6.41 | M139: 12.84 | N139: 2.47 | O139: R054 | P139: Delivered | Q139: 4.1
A140: ORD100139 | B140: 46224 | C140: Pune | D140: PUN03 | E140: 0.82986111 | F140: 5 | G140: 467.08 | H140: 2.86 | I140: 0.95 | J140: 2.27 | K140: 0.74 | L140: 7.45 | M140: 14.27 | N140: 2.62 | O140: R056 | P140: Delivered | Q140: 4.3
A141: ORD100140 | B141: 46243 | C141: Nagpur | D141: NAG02 | E141: 0.86319444 | F141: 6 | G141: 747.48 | H141: 2.46 | I141: 1.1 | J141: 2.28 | K141: 1.18 | L141: 10.68 | M141: 17.7 | N141: 4.87 | O141: R059 | P141: Delivered | Q141: 4.1
A142: ORD100141 | B142: 46222 | C142: Mumbai | D142: MUM03 | E142: 0.10902778 | F142: 7 | G142: 383.73 | H142: 3.15 | I142: 0.94 | J142: 0.91 | K142: 0.38 | L142: 6.27 | M142: 11.65 | N142: 2.51 | O142: R072 | P142: Delivered | Q142: 4.6
... A150: ORD100149 | B150: 46238 | C150: Pune | D150: PUN01 | E150: 0.95277778 | F150: 3 | G150: 447.47 | H150: 2.23 | I150: 0.83 | J150: 1.91 | K150: 1.17 | L150: 5.92 | M150: 12.06 | N150: 2.34 | O150: R063 | P150: Delivered | Q150: 5
A151: ORD100150 | B151: 46239 | C151: Pune | D151: PUN02 | E151: 0.34444444 | F151: 4 | G151: 218.63 | H151: 3.3 | I151: 0.91 | J151: 1.08 | K151: 0.65 | L151: 4.84 | M151: 10.78 | N151: 1.63 | O151: R072 | P151: Cancelled
A152: ORD100151 | B152: 46220 | C152: Pune | D152: PUN02 | E152: 0.20902778 | F152: 5 | G152: 658.96 | H152: 2.48 | I152: 1.02 | J152: 0.3 | K152: 0.5 | L152: 8.37 | M152: 12.67 | N152: 3.76 | O152: R056 | P152: Delivered | Q152: 5
A153: ORD100152 | B153: 46218 | C153: Mumbai | D153: MUM02 | E153: 0.125 | F153: 4 | G153: 485.99 | H153: 3 | I153: 0.73 | J153: 0.98 | K153: 0.54 | L153: 5.23 | M153: 10.48 | N153: 1.91 | O153: R068 | P153: Delivered | Q153: 5
A154: ORD100153 | B154: 46227 | C154: Mumbai | D154: MUM03 | E154: 0.42083333 | F154: 8 | G154: 467.51 | H154: 3.91 | I154: 1.31 | J154: 1.18 | K154: 1.14 | L154: 9.62 | M154: 17.16 | N154: 3.85 | O154: R035 | P154: Delivered | Q154: 4
A155: ORD100154 | B155: 46223 | C155: Mumbai | D155: MUM03 | E155: 0.77916667 | F155: 2 | G155: 1074.76 | H155: 2.01 | I155: 0.7 | J155: 1.07 | K155: 0.47 | L155: 6.77 | M155: 11.02 | N155: 2.93 | O155: R003 | P155: Delivered | Q155: 3.7
A156: ORD100155 | B156: 46237 | C156: Nagpur | D156: NAG01 | E156: 0.48541667 | F156: 5 | G156: 553.78 | H156: 3.39 | I156: 1.03 | J156: 1.29 | K156: 1.17 | L156: 6.47 | M156: 13.35 | N156: 2.63 | O156: R007 | P156: Delivered | Q156: 4.4
A157: ORD100156 | B157: 46242 | C157: Mumbai | D157: MUM01 | E157: 0.68888889 | F157: 8 | G157: 364.68 | H157: 3.47 | I157: 1.06 | J157: 1.13 | K157: 1.09 | L157: 6.73 | M157: 13.48 | N157: 2.53 | O157: R027 | P157: Delivered | Q157: 4.6
A158: ORD100157 | B158: 46218 | C158: Mumbai | D158: MUM03 | E158: 0.79097222 | F158: 5 | G158: 423.26 | H158: 3 | I158: 0.76 | J158: 0.75 | K158: 0.6 | L158: 5.99 | M158: 11.1 | N158: 2.55 | O158: R001 | P158: Delivered | Q158: 4.4
A159: ORD100158 | B159: 46216 | C159: Pune | D159: PUN01 | E159: 0.13194444 | F159: 7 | G159: 706.72 | H159: 3.43 | I159: 1.21 | J159: 0.52 | K159: 0.87 | L159: 3.21 | M159: 9.24 | N159: 0.47 | O159: R080 | P159: Delivered | Q159: 4.9
A160: ORD100159 | B160: 46218 | C160: Pune | D160: PUN02 | E160: 0.175 | F160: 4 | G160: 520.39 | H160: 2.63 | I160: 0.92 | J160: 0.99 | K160: 0.62 | L160: 5.9 | M160: 11.06 | N160: 1.95 | O160: R071 | P160: Delivered | Q160: 5
A161: ORD100160 | B161: 46220 | C161: Mumbai | D161: MUM03 | E161: 0.68055556 | F161: 9 | G161: 241.11 | H161: 4.06 | I161: 1.16 | J161: 0.9 | K161: 0.62 | L161: 7.1 | M161: 13.84 | N161: 2.96 | O161: R044 | P161: Delivered | Q161: 4.8
A162: ORD100161 | B162: 46230 | C162: Pune | D162: PUN01 | E162: 0.64375 | F162: 7 | G162: 665.46 | H162: 3.62 | I162: 1.01 | J162: 1.16 | K162: 0.78 | L162: 6 | M162: 12.57 | N162: 2.16 | O162: R041 | P162: Delivered | Q162: 4.3
A163: ORD100162 | B163: 46229 | C163: Mumbai | D163: MUM01 | E163: 0.82222222 | F163: 2 | G163: 379.73 | H163: 1.63 | I163: 0.85 | J163: 1.59 | K163: 1.14 | L163: 4.6 | M163: 9.81 | N163: 1.19 | O163: R075 | P163: Delivered | Q163: 4.3
... A181: ORD100180 | B181: 46232 | C181: Mumbai | D181: MUM02 | E181: 0.98333333 | F181: 6 | G181: 754.2 | H181: 3.69 | I181: 1.12 | J181: 0.87 | K181: 0.9 | L181: 4.08 | M181: 10.66 | N181: 0.84 | O181: R024 | P181: Delivered | Q181: 4.9
A182: ORD100181 | B182: 46235 | C182: Nagpur | D182: NAG01 | E182: 0.17013889 | F182: 3 | G182: 485.66 | H182: 2.03 | I182: 0.79 | J182: 0.46 | K182: 0.68 | L182: 7.09 | M182: 11.05 | N182: 3.53 | O182: R023 | P182: Cancelled
A183: ORD100182 | B183: 46219 | C183: Nagpur | D183: NAG02 | E183: 0.83263889 | F183: 6 | G183: 581.43 | H183: 2.91 | I183: 1 | J183: 2.04 | K183: 0.59 | L183: 4.61 | M183: 11.15 | N183: 1.4 | O183: R050 | P183: Delivered | Q183: 4.6
A184: ORD100183 | B184: 46220 | C184: Pune | D184: PUN01 | E184: 0.7375 | F184: 6 | G184: 308.77 | H184: 3.11 | I184: 1.03 | J184: 0.53 | K184: 0.44 | L184: 6.32 | M184: 11.43 | N184: 2.4 | O184: R078 | P184: Delivered | Q184: 5
A185: ORD100184 | B185: 46238 | C185: Pune | D185: PUN03 | E185: 0.52638889 | F185: 5 | G185: 577.1 | H185: 3 | I185: 1.02 | J185: 2 | K185: 0.88 | L185: 4.75 | M185: 11.65 | N185: 1.21 | O185: R079 | P185: Delivered | Q185: 4.4
A186: ORD100185 | B186: 46222 | C186: Pune | D186: PUN02 | E186: 0.37291667 | F186: 4 | G186: 466.31 | H186: 2.4 | I186: 0.73 | J186: 0.56 | K186: 0.44 | L186: 5.26 | M186: 9.39 | N186: 1.67 | O186: R079 | P186: Delivered | Q186: 5
A187: ORD100186 | B187: 46228 | C187: Pune | D187: PUN01 | E187: 0.63888889 | F187: 3 | G187: 677.43 | H187: 2.61 | I187: 0.92 | J187: 0.3 | K187: 0.27 | L187: 5.62 | M187: 9.72 | N187: 1.45 | O187: R070 | P187: Delivered | Q187: 4.2
A188: ORD100187 | B188: 46230 | C188: Pune | D188: PUN01 | E188: 0.28263889 | F188: 4 | G188: 713.73 | H188: 2.51 | I188: 0.96 | J188: 0.6 | K188: 0.95 | L188: 4.18 | M188: 9.2 | N188: 1.65 | O188: R027 | P188: Delivered | Q188: 5
A189: ORD100188 | B189: 46226 | C189: Mumbai | D189: MUM02 | E189: 0.36388889 | F189: 4 | G189: 966.12 | H189: 2.67 | I189: 0.96 | J189: 1.65 | K189: 0.9 | L189: 5.43 | M189: 11.61 | N189: 1.71 | O189: R015 | P189: Delivered | Q189: 5
A190: ORD100189 | B190: 46219 | C190: Pune | D190: PUN02 | E190: 0.57430556 | F190: 6 | G190: 604.33 | H190: 3.31 | I190: 1.08 | J190: 0.7 | K190: 0.67 | L190: 4.35 | M190: 10.11 | N190: 1.71 | O190: R050 | P190: Delivered | Q190: 4.6
A191: ORD100190 | B191: 46228 | C191: Pune | D191: PUN02 | E191: 0.62638889 | F191: 7 | G191: 558.64 | H191: 3.34 | I191: 1.11 | J191: 0.68 | K191: 0.47 | L191: 7.69 | M191: 13.29 | N191: 2.95 | O191: R036 | P191: Delivered | Q191: 4.8
A192: ORD100191 | B192: 46222 | C192: Pune | D192: PUN03 | E192: 0.024305556 | F192: 5 | G192: 534.99 | H192: 2.75 | I192: 1.03 | J192: 1.16 | K192: 0.51 | L192: 4.52 | M192: 9.97 | N192: 1.21 | O192: R008 | P192: Delivered | Q192: 5
A193: ORD100192 | B193: 46242 | C193: Pune | D193: PUN03 | E193: 0.475 | F193: 4 | G193: 436.43 | H193: 2.64 | I193: 0.94 | J193: 1.64 | K193: 0.91 | L193: 6.65 | M193: 12.78 | N193: 2.4 | O193: R079 | P193: Delivered | Q193: 3.7
A194: ORD100193 | B194: 46234 | C194: Pune | D194: PUN01 | E194: 0.013194444 | F194: 6 | G194: 560.93 | H194: 3.09 | I194: 0.99 | J194: 1.38 | K194: 0.9 | L194: 7.34 | M194: 13.7 | N194: 3.3 | O194: R003 | P194: Delivered | Q194: 4.8
A195: ORD100194 | B195: 46237 | C195: Mumbai | D195: MUM02 | E195: 0.22222222 | F195: 8 | G195: 446.83 | H195: 3.43 | I195: 1.12 | J195: 1.97 | K195: 1.03 | L195: 6.1 | M195: 13.65 | N195: 1.74 | O195: R062 | P195: Cancelled
A196: ORD100195 | B196: 46243 | C196: Pune | D196: PUN01 | E196: 0.35486111 | F196: 6 | G196: 530.32 | H196: 3.03 | I196: 1.04 | J196: 0.98 | K196: 0.78 | L196: 5.68 | M196: 11.51 | N196: 1.55 | O196: R047 | P196: Delivered | Q196: 4.4
A197: ORD100196 | B197: 46217 | C197: Pune | D197: PUN01 | E197: 0.27708333 | F197: 4 | G197: 737.17 | H197: 3.24 | I197: 1.06 | J197: 0.3 | K197: 0.56 | L197: 6.11 | M197: 11.27 | N197: 1.99 | O197: R077 | P197: Delivered | Q197: 5
A198: ORD100197 | B198: 46225 | C198: Pune | D198: PUN01 | E198: 0.45347222 | F198: 6 | G198: 318.82 | H198: 3.32 | I198: 0.88 | J198: 0.73 | K198: 0.75 | L198: 7.68 | M198: 13.36 | N198: 3.26 | O198: R061 | P198: Delivered | Q198: 4.3
A199: ORD100198 | B199: 46228 | C199: Mumbai | D199: MUM01 | E199: 0.67430556 | F199: 8 | G199: 705.18 | H199: 3.46 | I199: 1.01 | J199: 0.96 | K199: 0.93 | L199: 6.69 | M199: 13.05 | N199: 2.37 | O199: R032 | P199: Cancelled
A200: ORD100199 | B200: 46240 | C200: Pune | D200: PUN02 | E200: 0.32638889 | F200: 8 | G200: 737.08 | H200: 3.8 | I200: 1.21 | J200: 0.77 | K200: 1.04 | L200: 4.98 | M200: 11.8 | N200: 1.72 | O200: R013 | P200: Delivered | Q200: 4.7
...

Sheet blinkit_stores
A1: store_id | B1: city | C1: store_capacity | D1: active_riders | E1: Peak_hour_Order | F1: Peak_hour_Order/ active_rider
A2: MUM01 | B2: Mumbai | C2: 80 | D2: 8 | E2: 5 | F2: =Table3[[#This Row],[Peak_hour_Order ]]/Table3[[#This Row],[active_riders]] -> 0.625
A3: MUM02 | B3: Mumbai | C3: 90 | D3: 7 | E3: 5 | F3: =Table3[[#This Row],[Peak_hour_Order ]]/Table3[[#This Row],[active_riders]] -> 0.71428571
A4: MUM03 | B4: Mumbai | C4: 75 | D4: 8 | E4: 3 | F4: =Table3[[#This Row],[Peak_hour_Order ]]/Table3[[#This Row],[active_riders]] -> 0.375
A5: NAG01 | B5: Nagpur | C5: 70 | D5: 7 | E5: 5 | F5: =Table3[[#This Row],[Peak_hour_Order ]]/Table3[[#This Row],[active_riders]] -> 0.71428571
A6: NAG02 | B6: Nagpur | C6: 85 | D6: 6 | E6: 9 | F6: =Table3[[#This Row],[Peak_hour_Order ]]/Table3[[#This Row],[active_riders]] -> 1.5
A7: PUN01 | B7: Pune | C7: 80 | D7: 9 | E7: 3 | F7: =Table3[[#This Row],[Peak_hour_Order ]]/Table3[[#This Row],[active_riders]] -> 0.33333333
A8: PUN02 | B8: Pune | C8: 95 | D8: 7 | E8: 6 | F8: =Table3[[#This Row],[Peak_hour_Order ]]/Table3[[#This Row],[active_riders]] -> 0.85714286
A9: PUN03 | B9: Pune | C9: 75 | D9: 8 | E9: 4 | F9: =Table3[[#This Row],[Peak_hour_Order ]]/Table3[[#This Row],[active_riders]] -> 0.5

Sheet Delivered_data
A1: order_id | B1: order_date | C1: week_start_date | D1: city | E1: store_id | F1: peak_order/rider | G1: order_time | H1: peakhour | I1: items_count | J1: order_value | K1: picking_time_min | L1: packing_time_min | M1: rider_assignment_time_min | N1: rider_waiting_time_min | O1: delivery_time_min | P1: total_delivery_time_min | Q1: distance_km | R1: rider_id | S1: order_status | T1: customer_rating
A2: ORD100001 | B2: 46222 | C2: =Delivered_data[[#This Row],[order_date]]-WEEKDAY(Delivered_data[[#This Row],[order_date]],2)+1 -> 46216 | D2: Mumbai | E2: MUM03 | F2: =_xlfn.XLOOKUP(Delivered_data[[#This Row],[store_id]],blinkit_stores!A:A,blinkit_stores!F:F,"not found") -> 0.375 | G2: 0.30625 | H2: =IF(AND(Delivered_data[[#This Row],[order_time]]>=TIME(19,0,0),Delivered_data[[#This Row],[order_time]]<=TIME(22,59,59)),"Peak","Non-Peak") -> Non-Peak | I2: 4 | J2: 462.38 | K2: 2.9 | L2: 0.9 | M2: 0.69 | N2: 0.51 | O2: 6.63 | P2: 11.63 | Q2: 2.74 | R2: R016 | S2: Delivered | T2: 4.3
A3: ORD100002 | B3: 46235 | C3: =Delivered_data[[#This Row],[order_date]]-WEEKDAY(Delivered_data[[#This Row],[order_date]],2)+1 -> 46230 | D3: Pune | E3: PUN02 | F3: =_xlfn.XLOOKUP(Delivered_data[[#This Row],[store_id]],blinkit_stores!A:A,blinkit_stores!F:F,"not found") -> 0.85714286 | G3: 0.39097222 | H3: =IF(AND(Delivered_data[[#This Row],[order_time]]>=TIME(19,0,0),Delivered_data[[#This Row],[order_time]]<=TIME(22,59,59)),"Peak","Non-Peak") -> Non-Peak | I3: 4 | J3: 346.91 | K3: 3.07 | L3: 0.83 | M3: 1.47 | N3: 0.78 | O3: 4.97 | P3: 11.12 | Q3: 1.35 | R3: R019 | S3: Delivered | T3: 5
A4: ORD100003 | B4: 46230 | C4: =Delivered_data[[#This Row],[order_date]]-WEEKDAY(Delivered_data[[#This Row],[order_date]],2)+1 -> 46230 | D4: Pune | E4: PUN02 | F4: =_xlfn.XLOOKUP(Delivered_data[[#This Row],[store_id]],blinkit_stores!A:A,blinkit_stores!F:F,"not found") -> 0.85714286 | G4: 0.89652778 | H4: =IF(AND(Delivered_data[[#This Row],[order_time]]>=TIME(19,0,0),Delivered_data[[#This Row],[order_time]]<=TIME(22,59,59)),"Peak","Non-Peak") -> Peak | I4: 4 | J4: 395.51 | K4: 2.82 | L4: 0.94 | M4: 1.12 | N4: 0.76 | O4: 6.66 | P4: 12.3 | Q4: 2.87 | R4: R023 | S4: Delivered | T4: 5
A5: ORD100004 | B5: 46226 | C5: =Delivered_data[[#This Row],[order_date]]-WEEKDAY(Delivered_data[[#This Row],[order_date]],2)+1 -> 46223 | D5: Pune | E5: PUN02 | F5: =_xlfn.XLOOKUP(Delivered_data[[#This Row],[store_id]],blinkit_stores!A:A,blinkit_stores!F:F,"not found") -> 0.85714286 | G5: 0.97847222 | H5: =IF(AND(Delivered_data[[#This Row],[order_time]]>=TIME(19,0,0),Delivered_data[[#This Row],[order_time]]<=TIME(22,59,59)),"Peak","Non-Peak") -> Non-Peak | I5: 3 | J5: 605.94 | K5: 2.38 | L5: 0.75 | M5: 1.41 | N5: 0.76 | O5: 4.62 | P5: 9.92 | Q5: 0.97 | R5: R025 | S5: Delivered | T5: 4.3
A6: ORD100005 | B6: 46223 | C6: =Delivered_data[[#This Row],[order_date]]-WEEKDAY(Delivered_data[[#This Row],[order_date]],2)+1 -> 46223 | D6: Mumbai | E6: MUM02 | F6: =_xlfn.XLOOKUP(Delivered_data[[#This Row],[store_id]],blinkit_stores!A:A,blinkit_stores!F:F,"not found") -> 0.71428571 | G6: 0.97916667 | H6: =IF(AND(Delivered_data[[#This Row],[order_time]]>=TIME(19,0,0),Delivered_data[[#This Row],[order_time]]<=TIME(22,59,59)),"Peak","Non-Peak") -> Non-Peak | I6: 8 | J6: 800.58 | K6: 3.8 | L6: 1.24 | M6: 0.72 | N6: 0.77 | O6: 7.06 | P6: 13.59 | Q6: 2.96 | R6: R016 | S6: Delivered | T6: 5
A7: ORD100006 | B7: 46236 | C7: =Delivered_data[[#This Row],[order_date]]-WEEKDAY(Delivered_data[[#This Row],[order_date]],2)+1 -> 46230 | D7: Pune | E7: PUN02 | F7: =_xlfn.XLOOKUP(Delivered_data[[#This Row],[store_id]],blinkit_stores!A:A,blinkit_stores!F:F,"not found") -> 0.85714286 | G7: 0.78888889 | H7: =IF(AND(Delivered_data[[#This Row],[order_time]]>=TIME(19,0,0),Delivered_data[[#This Row],[order_time]]<=TIME(22,59,59)),"Peak","Non-Peak") -> Non-Peak | I7: 6 | J7: 571.04 | K7: 3.78 | L7: 1.03 | M7: 0.9 | N7: 0.78 | O7: 3.77 | P7: 10.26 | Q7: 1.09 | R7: R054 | S7: Delivered | T7: 5
A8: ORD100007 | B8: 46222 | C8: =Delivered_data[[#This Row],[order_date]]-WEEKDAY(Delivered_data[[#This Row],[order_date]],2)+1 -> 46216 | D8: Pune | E8: PUN03 | F8: =_xlfn.XLOOKUP(Delivered_data[[#This Row],[store_id]],blinkit_stores!A:A,blinkit_stores!F:F,"not found") -> 0.5 | G8: 0.66041667 | H8: =IF(AND(Delivered_data[[#This Row],[order_time]]>=TIME(19,0,0),Delivered_data[[#This Row],[order_time]]<=TIME(22,59,59)),"Peak","Non-Peak") -> Non-Peak | I8: 4 | J8: 284.74 | K8: 2.63 | L8: 1.01 | M8: 0.95 | N8: 0.75 | O8: 6.64 | P8: 11.98 | Q8: 2.7 | R8: R073 | S8: Delivered | T8: 5
A9: ORD100008 | B9: 46241 | C9: =Delivered_data[[#This Row],[order_date]]-WEEKDAY(Delivered_data[[#This Row],[order_date]],2)+1 -> 46237 | D9: Pune | E9: PUN03 | F9: =_xlfn.XLOOKUP(Delivered_data[[#This Row],[store_id]],blinkit_stores!A:A,blinkit_stores!F:F,"not found") -> 0.5 | G9: 0.76666667 | H9: =IF(AND(Delivered_data[[#This Row],[order_time]]>=TIME(19,0,0),Delivered_data[[#This Row],[order_time]]<=TIME(22,59,59)),"Peak","Non-Peak") -> Non-Peak | I9: 6 | J9: 580.03 | K9: 2.78 | L9: 1.02 | M9: 1.67 | N9: 0.85 | O9: 7.67 | P9: 13.99 | Q9: 2.76 | R9: R001 | S9: Delivered | T9: 3.9
A10: ORD100009 | B10: 46234 | C10: =Delivered_data[[#This Row],[order_date]]-WEEKDAY(Delivered_data[[#This Row],[order_date]],2)+1 -> 46230 | D10: Pune | E10: PUN02 | F10: =_xlfn.XLOOKUP(Delivered_data[[#This Row],[store_id]],blinkit_stores!A:A,blinkit_stores!F:F,"not found") -> 0.85714286 | G10: 0.48472222 | H10: =IF(AND(Delivered_data[[#This Row],[order_time]]>=TIME(19,0,0),Delivered_data[[#This Row],[order_time]]<=TIME(22,59,59)),"Peak","Non-Peak") -> Non-Peak | I10: 4 | J10: 715.39 | K10: 3.07 | L10: 0.66 | M10: 0.43 | N10: 0.89 | O10: 4.84 | P10: 9.89 | Q10: 1.57 | R10: R042 | S10: Delivered | T10: 4.4
A11: ORD100010 | B11: 46238 | C11: =Delivered_data[[#This Row],[order_date]]-WEEKDAY(Delivered_data[[#This Row],[order_date]],2)+1 -> 46237 | D11: Mumbai | E11: MUM01 | F11: =_xlfn.XLOOKUP(Delivered_data[[#This Row],[store_id]],blinkit_stores!A:A,blinkit_stores!F:F,"not found") -> 0.625 | G11: 0.077777778 | H11: =IF(AND(Delivered_data[[#This Row],[order_time]]>=TIME(19,0,0),Delivered_data[[#This Row],[order_time]]<=TIME(22,59,59)),"Peak","Non-Peak") -> Non-Peak | I11: 7 | J11: 390.24 | K11: 3.3 | L11: 1.26 | M11: 1.27 | N11: 0.73 | O11: 7.11 | P11: 13.67 | Q11: 2.72 | R11: R019 | S11: Delivered | T11: 4.5
A12: ORD100011 | B12: 46226 | C12: =Delivered_data[[#This Row],[order_date]]-WEEKDAY(Delivered_data[[#This Row],[order_date]],2)+1 -> 46223 | D12: Pune | E12: PUN02 | F12: =_xlfn.XLOOKUP(Delivered_data[[#This Row],[store_id]],blinkit_stores!A:A,blinkit_stores!F:F,"not found") -> 0.85714286 | G12: 0.00069444444 | H12: =IF(AND(Delivered_data[[#This Row],[order_time]]>=TIME(19,0,0),Delivered_data[[#This Row],[order_time]]<=TIME(22,59,59)),"Peak","Non-Peak") -> Non-Peak | I12: 5 | J12: 475.88 | K12: 2.14 | L12: 0.84 | M12: 1.58 | N12: 0.67 | O12: 6.06 | P12: 11.29 | Q12: 2.43 | R12: R034 | S12: Delivered | T12: 5
A13: ORD100012 | B13: 46226 | C13: =Delivered_data[[#This Row],[order_date]]-WEEKDAY(Delivered_data[[#This Row],[order_date]],2)+1 -> 46223 | D13: Nagpur | E13: NAG02 | F13: =_xlfn.XLOOKUP(Delivered_data[[#This Row],[store_id]],blinkit_stores!A:A,blinkit_stores!F:F,"not found") -> 1.5 | G13: 0.44513889 | H13: =IF(AND(Delivered_data[[#This Row],[order_time]]>=TIME(19,0,0),Delivered_data[[#This Row],[order_time]]<=TIME(22,59,59)),"Peak","Non-Peak") -> Non-Peak | I13: 6 | J13: 502.64 | K13: 3.42 | L13: 0.95 | M13: 0.39 | N13: 0.64 | O13: 5.78 | P13: 11.18 | Q13: 1.72 | R13: R080 | S13: Delivered | T13: 5
... A230: ORD100240 | B230: 46232 | C230: =Delivered_data[[#This Row],[order_date]]-WEEKDAY(Delivered_data[[#This Row],[order_date]],2)+1 -> 46230 | D230: Pune | E230: PUN02 | F230: =_xlfn.XLOOKUP(Delivered_data[[#This Row],[store_id]],blinkit_stores!A:A,blinkit_stores!F:F,"not found") -> 0.85714286 | G230: 0.44097222 | H230: =IF(AND(Delivered_data[[#This Row],[order_time]]>=TIME(19,0,0),Delivered_data[[#This Row],[order_time]]<=TIME(22,59,59)),"Peak","Non-Peak") -> Non-Peak | I230: 7 | J230: 588.05 | K230: 3.2 | L230: 1.07 | M230: 1.4 | N230: 0.63 | O230: 4.35 | P230: 10.65 | Q230: 1.82 | R230: R066 | S230: Delivered | T230: 5

Sheet PIVOT
A3: Row Labels | B3: Average of total_delivery_time_min
A4: 46216 | B4: 11.706491
A5: 46223 | B5: 11.420877
A6: 46230 | B6: 12.449184
A7: 46237 | B7: 12.434091
A14: Row Labels | B14: Rider_waiting_time | C14: Rider_assignment_time
A15: Non-Peak | B15: 0.73920635 | C15: 1.0430688
A16: Peak | B16: 1.0295 | C16: 1.8925
A22: Row Labels | B22: Average of rider_assignment_time_min | C22: Average of rider_waiting_time_min | D22: Average of delivery_time_min
A23: Mumbai | B23: 1.2309589 | C23: 0.80369863 | D23: 5.8226027
A24: Nagpur | B24: 1.2437778 | C24: 0.85288889 | D24: 6.8062222
A25: Pune | B25: 1.1442342 | C25: 0.75531532 | D25: 6.1801802
A30: Row Labels | B30: Average of total_delivery_time_min
A31: 17 | B31: 11.745
A32: 18 | B32: 12.227143
A33: 19 | B33: 13.401538
A34: 20 | B34: 14.072
A35: 21 | B35: 12.846667
A36: 22 | B36: 13.715455
A37: 23 | B37: 10.844
A57: peakhour | B57: (All)
A59: Row Labels | B59: Average of total_delivery_time_min
A60: MUM01 | B60: 11.268261
A61: MUM02 | B61: 11.769565
A62: MUM03 | B62: 11.961481
A63: NAG01 | B63: 12.525238
A64: NAG02 | B64: 12.575833
A65: PUN01 | B65: 11.914138
A66: PUN02 | B66: 11.541522
A67: PUN03 | B67: 12.633889
A73: Row Labels | B73: Average of rider_assignment_time_min | C73: Average of rider_waiting_time_min | D73: Count of order_id
A74: 00 | B74: 1.1430769 | C74: 0.77 | D74: 13
A75: 01 | B75: 1.125 | C75: 0.6125 | D75: 4
A76: 02 | B76: 0.833 | C76: 0.706 | D76: 10
A77: 03 | B77: 1.0633333 | C77: 0.71 | D77: 9
A78: 04 | B78: 1.2 | C78: 0.78636364 | D78: 11
A79: 05 | B79: 0.89 | C79: 0.65833333 | D79: 6
A80: 06 | B80: 0.99333333 | C80: 0.69888889 | D80: 9
A81: 07 | B81: 0.94363636 | C81: 0.77272727 | D81: 11
A82: 08 | B82: 0.85714286 | C82: 0.66 | D82: 7
A83: 09 | B83: 1.0055556 | C83: 0.67666667 | D83: 9
A84: 10 | B84: 1.02 | C84: 0.85230769 | D84: 13
A85: 11 | B85: 1.1033333 | C85: 0.95833333 | D85: 6
... A97: 23 | B97: 0.967 | C97: 0.711 | D97: 10
A103: Row Labels | B103: Count of order_id | C103: Average of rider_assignment_time_min | D103: Average of rider_waiting_time_min | E103: Average of total_delivery_time_min
A104: R001 | B104: 4 | C104: 1.3875 | D104: 0.8925 | E104: 13.16
A105: R002 | B105: 5 | C105: 1.168 | D105: 0.846 | E105: 12.048
A106: R003 | B106: 4 | C106: 1.4275 | D106: 0.6875 | E106: 12.5925
A107: R004 | B107: 3 | C107: 0.84 | D107: 0.70666667 | E107: 10.54
A108: R005 | B108: 2 | C108: 1.495 | D108: 1 | E108: 12.965
A109: R006 | B109: 4 | C109: 0.745 | D109: 0.6825 | E109: 11.32
A110: R007 | B110: 3 | C110: 0.99666667 | D110: 1.12 | E110: 11.15
A111: R008 | B111: 3 | C111: 1.0066667 | D111: 0.89333333 | E111: 11.76
A112: R009 | B112: 4 | C112: 0.7675 | D112: 0.74 | E112: 11.1725
A113: R010 | B113: 2 | C113: 0.795 | D113: 0.6 | E113: 11.665
A114: R011 | B114: 1 | C114: 1.36 | D114: 0.68 | E114: 10.78
A115: R013 | B115: 2 | C115: 1.19 | D115: 0.905 | E115: 11.96
... A177: R080 | B177: 4 | C177: 1.0125 | D177: 0.7525 | E177: 11.1575
A181: peakhour | B181: (All)
A183: Row Labels | B183: Count of order_id
A184: MUM01 | B184: 23
A185: MUM02 | B185: 23
A186: MUM03 | B186: 27
A187: NAG01 | B187: 21
A188: NAG02 | B188: 24
A189: PUN01 | B189: 29
A190: PUN02 | B190: 46
A191: PUN03 | B191: 36
A194: peakhour | B194: Peak
A196: Row Labels | B196: Average of rider_assignment_time_min
A197: MUM01 | B197: 1.822
A198: MUM02 | B198: 2.316
A199: MUM03 | B199: 1.8566667
A200: NAG01 | B200: 1.784
A201: NAG02 | B201: 1.9455556
A202: PUN01 | B202: 1.8766667
A203: PUN02 | B203: 1.725
A204: PUN03 | B204: 1.7575
A208: Row Labels | B208: Average of rider_assignment_time_min | C208: order/rider
A209: MUM01 | B209: 1.822 | C209: =_xlfn.XLOOKUP(A209,blinkit_stores!A:A,blinkit_stores!F:F,"not found") -> 0.625
A210: MUM02 | B210: 2.316 | C210: =_xlfn.XLOOKUP(A210,blinkit_stores!A:A,blinkit_stores!F:F,"not found") -> 0.71428571
A211: MUM03 | B211: 1.8566667 | C211: =_xlfn.XLOOKUP(A211,blinkit_stores!A:A,blinkit_stores!F:F,"not found") -> 0.375
A212: NAG01 | B212: 1.784 | C212: =_xlfn.XLOOKUP(A212,blinkit_stores!A:A,blinkit_stores!F:F,"not found") -> 0.71428571
A213: NAG02 | B213: 1.9455556 | C213: =_xlfn.XLOOKUP(A213,blinkit_stores!A:A,blinkit_stores!F:F,"not found") -> 1.5
A214: PUN01 | B214: 1.8766667 | C214: =_xlfn.XLOOKUP(A214,blinkit_stores!A:A,blinkit_stores!F:F,"not found") -> 0.33333333
A215: PUN02 | B215: 1.725 | C215: =_xlfn.XLOOKUP(A215,blinkit_stores!A:A,blinkit_stores!F:F,"not found") -> 0.85714286
A216: PUN03 | B216: 1.7575 | C216: =_xlfn.XLOOKUP(A216,blinkit_stores!A:A,blinkit_stores!F:F,"not found") -> 0.5
D218: correlation bet avg assignment and order/rider
D219: =CORREL(Table5[Average of rider_assignment_time_min],Table5[order/rider]) -> 0.14567367
D221: =CORREL(Table5[order/rider], Table5[Average of rider_assignment_time_min]) -> 0.14567367
A226: KPI METRICS
A228: TOTAL ORDER | B228: Average Delivery Time | C228: Peak Delivery Time | D228: Peak Assignment Time
A229: =COUNTA(Table1[order_id]) -> 240 | B229: =AVERAGE(Table1[total_delivery_time_min]) -> 12.034875 | C229: =GETPIVOTDATA("Average of total_delivery_time_min",$A$234,"peakhour","Peak") -> 13.57225 | D229: =GETPIVOTDATA("Rider_assignment_time",$A$234,"peakhour","Peak") -> 1.8925
A234: Row Labels | B234: Rider_assignment_time | C234: Average of total_delivery_time_min
A235: Non-Peak | B235: 1.0430688 | C235: 11.672116
A236: Peak | B236: 1.8925 | C236: 13.57225

Sheet DASHBOARD
